Description,Symbol,Transaction Date,Settlement Date,Account Currency,Type,Quantity,Currency of Price,Price,Settlement Amount
CBO,31-Dec-2014,31-Dec-2014,CAD,DIV,0.00,CAD,0.000,0.15
GS,30-Dec-2014,30-Dec-2014,CAD,DIV,0.00,CAD,0.000,0.69
VTI,29-Dec-2014,29-Dec-2014,CAD,DIV,0.00,CAD,0.000,64.57
VOO,24-Dec-2014,24-Dec-2014,CAD,DIV,0.00,CAD,0.000,118.38
KO,15-Dec-2014,15-Dec-2014,CAD,DIV,0.00,CAD,0.000,32.90
MKSI,12-Dec-2014,12-Dec-2014,CAD,DIV,0.00,CAD,0.000,28.33
LLY,10-Dec-2014,10-Dec-2014,CAD,DIV,0.00,CAD,0.000,27.85
CBO,05-Dec-2014,05-Dec-2014,CAD,DIV,0.00,CAD,0.000,0.14
XTR,28-Nov-2014,28-Nov-2014,CAD,DIV,0.00,CAD,0.000,30.00
CBO,28-Nov-2014,28-Nov-2014,CAD,DIV,0.00,CAD,0.000,13.19
HPT,21-Nov-2014,21-Nov-2014,CAD,DIV,0.00,CAD,0.000,55.05
NYB,20-Nov-2014,20-Nov-2014,CAD,DIV,0.00,CAD,0.000,49.27
CBO,07-Nov-2014,07-Nov-2014,CAD,DIV,0.00,CAD,0.000,0.12
POT,04-Nov-2014,04-Nov-2014,CAD,DIV,0.00,CAD,0.000,39.33
XTR,31-Oct-2014,31-Oct-2014,CAD,DIV,0.00,CAD,0.000,30.00
CBO,31-Oct-2014,31-Oct-2014,CAD,DIV,0.00,CAD,0.000,12.99
CM,28-Oct-2014,28-Oct-2014,CAD,DIV,0.00,CAD,0.000,25.00
CBO,07-Oct-2014,07-Oct-2014,CAD,DIV,0.00,CAD,0.000,0.13
$cash,01-Oct-2014,01-Oct-2014,CAD,FEE,0.00,CAD,0.000,-30.00
$cash,01-Oct-2014,01-Oct-2014,CAD,GST,0.00,CAD,0.000,-1.50
KO,01-Oct-2014,01-Oct-2014,CAD,DIV,0.00,CAD,0.000,31.78
XTR,30-Sep-2014,30-Sep-2014,CAD,DIV,0.00,CAD,0.000,30.00
CBO,30-Sep-2014,30-Sep-2014,CAD,DIV,0.00,CAD,0.000,13.26
VTI,30-Sep-2014,30-Sep-2014,CAD,DIV,0.00,CAD,0.000,51.48
GS,29-Sep-2014,29-Sep-2014,CAD,DIV,0.00,CAD,0.000,0.61
VOO,26-Sep-2014,26-Sep-2014,CAD,DIV,0.00,CAD,0.000,96.58
MKSI,12-Sep-2014,12-Sep-2014,CAD,DIV,0.00,CAD,0.000,27.00
LLY,10-Sep-2014,10-Sep-2014,CAD,DIV,0.00,CAD,0.000,26.67
CBO,08-Sep-2014,08-Sep-2014,CAD,DIV,0.00,CAD,0.000,0.12
XTR,29-Aug-2014,29-Aug-2014,CAD,DIV,0.00,CAD,0.000,30.00
CBO,29-Aug-2014,29-Aug-2014,CAD,DIV,0.00,CAD,0.000,13.26
HPT,22-Aug-2014,22-Aug-2014,CAD,DIV,0.00,CAD,0.000,53.31
NYB,20-Aug-2014,20-Aug-2014,CAD,DIV,0.00,CAD,0.000,47.32
CBO,07-Aug-2014,07-Aug-2014,CAD,DIV,0.00,CAD,0.000,0.12
POT,01-Aug-2014,01-Aug-2014,CAD,DIV,0.00,CAD,0.000,37.52
XTR,31-Jul-2014,31-Jul-2014,CAD,DIV,0.00,CAD,0.000,30.00
CBO,31-Jul-2014,31-Jul-2014,CAD,DIV,0.00,CAD,0.000,13.84
CM,28-Jul-2014,28-Jul-2014,CAD,DIV,0.00,CAD,0.000,25.00
CBO,08-Jul-2014,08-Jul-2014,CAD,DIV,0.00,CAD,0.000,0.11
$cash,02-Jul-2014,02-Jul-2014,CAD,FEE,0.00,CAD,0.000,-30.00
$cash,02-Jul-2014,02-Jul-2014,CAD,GST,0.00,CAD,0.000,-1.50
KO,02-Jul-2014,02-Jul-2014,CAD,DIV,0.00,CAD,0.000,30.38
CBQ,30-Jun-2014,30-Jun-2014,CAD,DIV,0.00,CAD,0.000,131.67
XTR,30-Jun-2014,30-Jun-2014,CAD,DIV,0.00,CAD,0.000,30.00
CBO,30-Jun-2014,30-Jun-2014,CAD,DIV,0.00,CAD,0.000,13.68
VTI,30-Jun-2014,30-Jun-2014,CAD,DIV,0.00,CAD,0.000,44.54
VOO,27-Jun-2014,27-Jun-2014,CAD,DIV,0.00,CAD,0.000,85.96
GS,27-Jun-2014,27-Jun-2014,CAD,DIV,0.00,CAD,0.000,0.58
MKSI,13-Jun-2014,13-Jun-2014,CAD,DIV,0.00,CAD,0.000,26.67
LLY,10-Jun-2014,10-Jun-2014,CAD,DIV,0.00,CAD,0.000,26.53
CBO,06-Jun-2014,06-Jun-2014,CAD,DIV,0.00,CAD,0.000,0.10
XTR,30-May-2014,30-May-2014,CAD,DIV,0.00,CAD,0.000,30.00
CBO,30-May-2014,30-May-2014,CAD,DIV,0.00,CAD,0.000,13.60
NYB,22-May-2014,22-May-2014,CAD,DIV,0.00,CAD,0.000,47.34
HPT,21-May-2014,21-May-2014,CAD,DIV,0.00,CAD,0.000,52.92
CBO,07-May-2014,07-May-2014,CAD,DIV,0.00,CAD,0.000,0.09
POT,01-May-2014,01-May-2014,CAD,DIV,0.00,CAD,0.000,38.19
XTR,30-Apr-2014,30-Apr-2014,CAD,DIV,0.00,CAD,0.000,30.00
CBO,30-Apr-2014,30-Apr-2014,CAD,DIV,0.00,CAD,0.000,13.75
CM,28-Apr-2014,28-Apr-2014,CAD,DIV,0.00,CAD,0.000,24.50
CBO,07-Apr-2014,07-Apr-2014,CAD,DIV,0.00,CAD,0.000,0.09
$cash,01-Apr-2014,01-Apr-2014,CAD,FEE,0.00,CAD,0.000,-30.00
$cash,01-Apr-2014,01-Apr-2014,CAD,GST,0.00,CAD,0.000,-1.50
KO,01-Apr-2014,01-Apr-2014,CAD,DIV,0.00,CAD,0.000,31.38
XTR,31-Mar-2014,31-Mar-2014,CAD,DIV,0.00,CAD,0.000,30.00
CBO,31-Mar-2014,31-Mar-2014,CAD,DIV,0.00,CAD,0.000,13.76
VTI,31-Mar-2014,31-Mar-2014,CAD,DIV,0.00,CAD,0.000,46.40
VOO,28-Mar-2014,28-Mar-2014,CAD,DIV,0.00,CAD,0.000,85.73
GS,28-Mar-2014,28-Mar-2014,CAD,DIV,0.00,CAD,0.000,15.74
MKSI,14-Mar-2014,14-Mar-2014,CAD,DIV,0.00,CAD,0.000,26.36
GS,14-Mar-2014,19-Mar-2014,CAD,SELL,-25.00,USD,165.720,4579.26
LPNT,13-Mar-2014,18-Mar-2014,CAD,SELL,-75.00,USD,51.040,4228.35
LLY,10-Mar-2014,10-Mar-2014,CAD,DIV,0.00,CAD,0.000,26.88
CBO,07-Mar-2014,07-Mar-2014,CAD,DIV,0.00,CAD,0.000,0.08
XTR,28-Feb-2014,28-Feb-2014,CAD,DIV,0.00,CAD,0.000,30.00
CBO,28-Feb-2014,28-Feb-2014,CAD,DIV,0.00,CAD,0.000,14.00
NYB,21-Feb-2014,21-Feb-2014,CAD,DIV,0.00,CAD,0.000,48.06
HPT,21-Feb-2014,21-Feb-2014,CAD,DIV,0.00,CAD,0.000,52.73
SWY,20-Feb-2014,25-Feb-2014,CAD,SELL,-50.00,USD,34.920,1922.59
VOO,18-Feb-2014,21-Feb-2014,CAD,BUY,100.00,USD,168.850,-18533.80
VTI,18-Feb-2014,21-Feb-2014,CAD,BUY,100.00,USD,96.100,-10553.13
EZPW,12-Feb-2014,18-Feb-2014,CAD,SELL,-50.00,USD,12.210,671.83
CBO,07-Feb-2014,07-Feb-2014,CAD,DIV,0.00,CAD,0.000,0.10
POT,06-Feb-2014,06-Feb-2014,CAD,DIV,0.00,CAD,0.000,38.24
XTR,31-Jan-2014,31-Jan-2014,CAD,DIV,0.00,CAD,0.000,30.00
CBO,31-Jan-2014,31-Jan-2014,CAD,DIV,0.00,CAD,0.000,14.70
CM,28-Jan-2014,28-Jan-2014,CAD,DIV,0.00,CAD,0.000,24.00
SWY,14-Jan-2014,14-Jan-2014,CAD,DIV,0.00,CAD,0.000,10.78
CBQ,06-Jan-2014,06-Jan-2014,CAD,DIV,0.00,CAD,0.000,136.44
XTR,06-Jan-2014,06-Jan-2014,CAD,DIV,0.00,CAD,0.000,30.00
CBO,06-Jan-2014,06-Jan-2014,CAD,DIV,0.00,CAD,0.000,13.80
$cash,02-Jan-2014,02-Jan-2014,CAD,FEE,0.00,CAD,0.000,-30.00
$cash,02-Jan-2014,02-Jan-2014,CAD,GST,0.00,CAD,0.000,-1.50
CBO,02-Jan-2014,02-Jan-2014,CAD,DIV,0.00,CAD,0.000,0.08
GS,30-Dec-2013,30-Dec-2013,CAD,DIV,0.00,CAD,0.000,15.12
KO,16-Dec-2013,16-Dec-2013,CAD,DIV,0.00,CAD,0.000,27.66
MKSI,13-Dec-2013,13-Dec-2013,CAD,DIV,0.00,CAD,0.000,25.32
LLY,10-Dec-2013,10-Dec-2013,CAD,DIV,0.00,CAD,0.000,25.90
CBO,06-Dec-2013,06-Dec-2013,CAD,DIV,0.00,CAD,0.000,0.08
XTR,29-Nov-2013,29-Nov-2013,CAD,DIV,0.00,CAD,0.000,30.00
CBO,29-Nov-2013,29-Nov-2013,CAD,DIV,0.00,CAD,0.000,14.00
HPT,22-Nov-2013,22-Nov-2013,CAD,DIV,0.00,CAD,0.000,49.85
NYB,19-Nov-2013,19-Nov-2013,CAD,DIV,0.00,CAD,0.000,45.19
CBO,07-Nov-2013,07-Nov-2013,CAD,DIV,0.00,CAD,0.000,0.08
POT,05-Nov-2013,05-Nov-2013,CAD,DIV,0.00,CAD,0.000,36.30
XTR,31-Oct-2013,31-Oct-2013,CAD,DIV,0.00,CAD,0.000,30.00
CBO,31-Oct-2013,31-Oct-2013,CAD,DIV,0.00,CAD,0.000,14.28
CM,28-Oct-2013,28-Oct-2013,CAD,DIV,0.00,CAD,0.000,24.00
UUU,24-Oct-2013,24-Oct-2013,CAD,SELL,-1000.00,CAD,2.860,2860.00
SWY,10-Oct-2013,10-Oct-2013,CAD,DIV,0.00,CAD,0.000,10.29
CBO,07-Oct-2013,07-Oct-2013,CAD,DIV,0.00,CAD,0.000,0.07
$cash,01-Oct-2013,01-Oct-2013,CAD,FEE,0.00,CAD,0.000,-30.00
$cash,01-Oct-2013,01-Oct-2013,CAD,GST,0.00,CAD,0.000,-1.50
KO,01-Oct-2013,01-Oct-2013,CAD,DIV,0.00,CAD,0.000,26.90
XTR,30-Sep-2013,30-Sep-2013,CAD,DIV,0.00,CAD,0.000,30.00
CBO,30-Sep-2013,30-Sep-2013,CAD,DIV,0.00,CAD,0.000,14.28
GS,27-Sep-2013,27-Sep-2013,CAD,DIV,0.00,CAD,0.000,13.28
MKSI,13-Sep-2013,13-Sep-2013,CAD,DIV,0.00,CAD,0.000,24.55
LLY,10-Sep-2013,10-Sep-2013,CAD,DIV,0.00,CAD,0.000,25.22
CBO,09-Sep-2013,09-Sep-2013,CAD,DIV,0.00,CAD,0.000,0.07
XTR,30-Aug-2013,30-Aug-2013,CAD,DIV,0.00,CAD,0.000,30.00
CBO,30-Aug-2013,30-Aug-2013,CAD,DIV,0.00,CAD,0.000,14.29
HPT,23-Aug-2013,23-Aug-2013,CAD,DIV,0.00,CAD,0.000,48.90
NYB,16-Aug-2013,16-Aug-2013,CAD,DIV,0.00,CAD,0.000,44.80
CBO,07-Aug-2013,07-Aug-2013,CAD,DIV,0.00,CAD,0.000,0.07
POT,02-Aug-2013,02-Aug-2013,CAD,DIV,0.00,CAD,0.000,36.37
XTR,31-Jul-2013,31-Jul-2013,CAD,DIV,0.00,CAD,0.000,30.00
CBO,31-Jul-2013,31-Jul-2013,CAD,DIV,0.00,CAD,0.000,14.29
CM,29-Jul-2013,29-Jul-2013,CAD,DIV,0.00,CAD,0.000,24.00
BB.TO,18-Jul-2013,18-Jul-2013,CAD,NAMECHG,-25.00,CAD,0.000,0.00
BB.TO,18-Jul-2013,18-Jul-2013,CAD,NAMECHG,25.00,CAD,0.000,0.00
SWY,11-Jul-2013,11-Jul-2013,CAD,DIV,0.00,CAD,0.000,10.42
CBO,08-Jul-2013,08-Jul-2013,CAD,DIV,0.00,CAD,0.000,0.07
$cash,02-Jul-2013,02-Jul-2013,CAD,FEE,0.00,CAD,0.000,-30.00
$cash,02-Jul-2013,02-Jul-2013,CAD,GST,0.00,CAD,0.000,-1.50
KO,02-Jul-2013,02-Jul-2013,CAD,DIV,0.00,CAD,0.000,27.35
CBQ,28-Jun-2013,28-Jun-2013,CAD,DIV,0.00,CAD,0.000,143.20
XTR,28-Jun-2013,28-Jun-2013,CAD,DIV,0.00,CAD,0.000,30.00
CBO,28-Jun-2013,28-Jun-2013,CAD,DIV,0.00,CAD,0.000,14.80
GS,27-Jun-2013,27-Jun-2013,CAD,DIV,0.00,CAD,0.000,13.51
MKSI,14-Jun-2013,14-Jun-2013,CAD,DIV,0.00,CAD,0.000,24.17
LLY,10-Jun-2013,10-Jun-2013,CAD,DIV,0.00,CAD,0.000,24.86
SHY,07-Jun-2013,07-Jun-2013,CAD,DIV,0.00,CAD,0.000,0.07
XTR,31-May-2013,31-May-2013,CAD,DIV,0.00,CAD,0.000,30.00
CBO,31-May-2013,31-May-2013,CAD,DIV,0.00,CAD,0.000,14.80
HPT,24-May-2013,24-May-2013,CAD,DIV,0.00,CAD,0.000,48.20
NYB,17-May-2013,17-May-2013,CAD,DIV,0.00,CAD,0.000,44.19
SHY,07-May-2013,07-May-2013,CAD,DIV,0.00,CAD,0.000,0.07
POT,02-May-2013,02-May-2013,CAD,DIV,0.00,CAD,0.000,28.30
XTR,30-Apr-2013,30-Apr-2013,CAD,DIV,0.00,CAD,0.000,30.00
CBO,30-Apr-2013,30-Apr-2013,CAD,DIV,0.00,CAD,0.000,14.80
CM,29-Apr-2013,29-Apr-2013,CAD,DIV,0.00,CAD,0.000,23.50
SWY,11-Apr-2013,11-Apr-2013,CAD,DIV,0.00,CAD,0.000,8.80
SHY,05-Apr-2013,05-Apr-2013,CAD,DIV,0.00,CAD,0.000,0.07
$cash,01-Apr-2013,01-Apr-2013,CAD,FEE,0.00,CAD,0.000,-30.00
$cash,01-Apr-2013,01-Apr-2013,CAD,GST,0.00,CAD,0.000,-1.50
KO,01-Apr-2013,01-Apr-2013,CAD,DIV,0.00,CAD,0.000,26.50
GS,28-Mar-2013,28-Mar-2013,CAD,DIV,0.00,CAD,0.000,13.14
XTR,28-Mar-2013,28-Mar-2013,CAD,DIV,0.00,CAD,0.000,30.00
CBO,28-Mar-2013,28-Mar-2013,CAD,DIV,0.00,CAD,0.000,14.80
MKSI,15-Mar-2013,15-Mar-2013,CAD,DIV,0.00,CAD,0.000,24.34
LLY,08-Mar-2013,08-Mar-2013,CAD,DIV,0.00,CAD,0.000,25.04
SHY,07-Mar-2013,07-Mar-2013,CAD,DIV,0.00,CAD,0.000,0.07
XTR,28-Feb-2013,28-Feb-2013,CAD,DIV,0.00,CAD,0.000,30.00
CBO,28-Feb-2013,28-Feb-2013,CAD,DIV,0.00,CAD,0.000,14.80
NYB,22-Feb-2013,22-Feb-2013,CAD,DIV,0.00,CAD,0.000,44.19
HPT,22-Feb-2013,22-Feb-2013,CAD,DIV,0.00,CAD,0.000,47.47
SHY,07-Feb-2013,07-Feb-2013,CAD,DIV,0.00,CAD,0.000,0.08
POT,07-Feb-2013,07-Feb-2013,CAD,DIV,0.00,CAD,0.000,20.69
XTR,31-Jan-2013,31-Jan-2013,CAD,DIV,0.00,CAD,0.000,30.00
CBO,31-Jan-2013,31-Jan-2013,CAD,DIV,0.00,CAD,0.000,14.80
CM,28-Jan-2013,28-Jan-2013,CAD,DIV,0.00,CAD,0.000,23.50
CBQ,07-Jan-2013,07-Jan-2013,CAD,DIV,0.00,CAD,0.000,248.27
CBO,07-Jan-2013,07-Jan-2013,CAD,DIV,0.00,CAD,0.000,14.80
XTR,03-Jan-2013,03-Jan-2013,CAD,DIV,0.00,CAD,0.000,30.00
$cash,02-Jan-2013,02-Jan-2013,CAD,FEE,0.00,CAD,0.000,-30.00
$cash,02-Jan-2013,02-Jan-2013,CAD,HST,0.00,CAD,0.000,-3.60
SHY,02-Jan-2013,02-Jan-2013,CAD,DIV,0.00,CAD,0.000,0.08
SWY,31-Dec-2012,31-Dec-2012,CAD,DIV,0.00,CAD,0.000,8.63
GS,28-Dec-2012,28-Dec-2012,CAD,DIV,0.00,CAD,0.000,12.77
KO,17-Dec-2012,17-Dec-2012,CAD,DIV,0.00,CAD,0.000,23.39
MKSI,14-Dec-2012,14-Dec-2012,CAD,DIV,0.00,CAD,0.000,23.38
LLY,10-Dec-2012,10-Dec-2012,CAD,DIV,0.00,CAD,0.000,23.99
$cash,10-Dec-2012,10-Dec-2012,CAD,MRG,0.00,CAD,0.000,15.56
SHY,07-Dec-2012,07-Dec-2012,CAD,DIV,0.00,CAD,0.000,0.08
CBO,06-Dec-2012,06-Dec-2012,CAD,DIV,0.00,CAD,0.000,14.80
GAS,30-Nov-2012,30-Nov-2012,CAD,MERGER,-40.00,CAD,0.000,0.00
CBR,30-Nov-2012,30-Nov-2012,CAD,MERGER,22.00,CAD,0.000,0.00
XTR,30-Nov-2012,30-Nov-2012,CAD,DIV,0.00,CAD,0.000,30.00
HPT,21-Nov-2012,21-Nov-2012,CAD,DIV,0.00,CAD,0.000,46.44
NYB,16-Nov-2012,16-Nov-2012,CAD,DIV,0.00,CAD,0.000,43.44
SHY,07-Nov-2012,07-Nov-2012,CAD,DIV,0.00,CAD,0.000,0.09
CBO,06-Nov-2012,06-Nov-2012,CAD,DIV,0.00,CAD,0.000,14.80
POT,05-Nov-2012,05-Nov-2012,CAD,DIV,0.00,CAD,0.000,20.55
XTR,01-Nov-2012,06-Nov-2012,CAD,SELL,-500.00,CAD,12.400,6190.01
XTR,31-Oct-2012,31-Oct-2012,CAD,DIV,0.00,CAD,0.000,60.00
CM,29-Oct-2012,29-Oct-2012,CAD,DIV,0.00,CAD,0.000,23.50
TRK,24-Oct-2012,29-Oct-2012,CAD,SELL,-260.00,USD,16.880,4337.11
SWY,11-Oct-2012,11-Oct-2012,CAD,DIV,0.00,CAD,0.000,8.47
SHY,05-Oct-2012,05-Oct-2012,CAD,DIV,0.00,CAD,0.000,0.09
CBO,04-Oct-2012,04-Oct-2012,CAD,DIV,0.00,CAD,0.000,14.80
$cash,01-Oct-2012,01-Oct-2012,CAD,FEE,0.00,CAD,0.000,-30.00
$cash,01-Oct-2012,01-Oct-2012,CAD,HST,0.00,CAD,0.000,-3.60
KO,01-Oct-2012,01-Oct-2012,CAD,DIV,0.00,CAD,0.000,23.29
HSE,01-Oct-2012,01-Oct-2012,CAD,DIV,0.00,CAD,0.000,10.50
XTR,28-Sep-2012,28-Sep-2012,CAD,DIV,0.00,CAD,0.000,60.00
GS,27-Sep-2012,27-Sep-2012,CAD,DIV,0.00,CAD,0.000,11.64
MKSI,14-Sep-2012,14-Sep-2012,CAD,DIV,0.00,CAD,0.000,23.08
LLY,10-Sep-2012,10-Sep-2012,CAD,DIV,0.00,CAD,0.000,23.74
SHY,10-Sep-2012,10-Sep-2012,CAD,DIV,0.00,CAD,0.000,0.09
TRK,07-Sep-2012,07-Sep-2012,CAD,DIV,0.00,CAD,0.000,37.93
CBO,07-Sep-2012,07-Sep-2012,CAD,DIV,0.00,CAD,0.000,15.20
XTR,31-Aug-2012,31-Aug-2012,CAD,DIV,0.00,CAD,0.000,60.00
T,27-Aug-2012,30-Aug-2012,CAD,SELL,-60.00,USD,36.950,2185.99
CSCO,27-Aug-2012,30-Aug-2012,CAD,SELL,-200.00,USD,19.220,3797.50
HSE,27-Aug-2012,30-Aug-2012,CAD,SELL,-35.00,CAD,26.370,912.96
CBQ,27-Aug-2012,30-Aug-2012,CAD,BUY,200.00,CAD,23.550,-4710.00
BRK.B,27-Aug-2012,30-Aug-2012,CAD,SELL,-25.00,USD,85.390,2104.53
HPT,22-Aug-2012,22-Aug-2012,CAD,DIV,0.00,CAD,0.000,43.97
NYB,17-Aug-2012,17-Aug-2012,CAD,DIV,0.00,CAD,0.000,42.88
KO,10-Aug-2012,10-Aug-2012,CAD,EXCHADJ,47.00,CAD,0.000,0.00
SHY,07-Aug-2012,07-Aug-2012,CAD,DIV,0.00,CAD,0.000,0.10
CBO,07-Aug-2012,07-Aug-2012,CAD,DIV,0.00,CAD,0.000,15.20
POT,03-Aug-2012,03-Aug-2012,CAD,DIV,0.00,CAD,0.000,14.21
T,01-Aug-2012,01-Aug-2012,CAD,DIV,0.00,CAD,0.000,26.22
XTR,31-Jul-2012,31-Jul-2012,CAD,DIV,0.00,CAD,0.000,60.00
CM,27-Jul-2012,27-Jul-2012,CAD,DIV,0.00,CAD,0.000,22.50
CSCO,25-Jul-2012,25-Jul-2012,CAD,DIV,0.00,CAD,0.000,16.15
SWY,12-Jul-2012,12-Jul-2012,CAD,DIV,0.00,CAD,0.000,8.83
SHY,09-Jul-2012,09-Jul-2012,CAD,DIV,0.00,CAD,0.000,0.10
CBQ,06-Jul-2012,06-Jul-2012,CAD,DIV,0.00,CAD,0.000,27.50
$cash,03-Jul-2012,03-Jul-2012,CAD,FEE,0.00,CAD,0.000,-30.00
$cash,03-Jul-2012,03-Jul-2012,CAD,HST,0.00,CAD,0.000,-3.60
KO,03-Jul-2012,03-Jul-2012,CAD,DIV,0.00,CAD,0.000,24.19
HSE,03-Jul-2012,03-Jul-2012,CAD,DIV,0.00,CAD,0.000,10.50
XTR,29-Jun-2012,29-Jun-2012,CAD,DIV,0.00,CAD,0.000,60.00
CBO,29-Jun-2012,05-Jul-2012,CAD,BUY,200.00,CAD,20.200,-4040.00
GS,28-Jun-2012,28-Jun-2012,CAD,DIV,0.00,CAD,0.000,12.16
MKSI,15-Jun-2012,15-Jun-2012,CAD,DIV,0.00,CAD,0.000,22.89
LLY,08-Jun-2012,08-Jun-2012,CAD,DIV,0.00,CAD,0.000,24.89
TRK,08-Jun-2012,08-Jun-2012,CAD,DIV,0.00,CAD,0.000,39.62
SHY,07-Jun-2012,07-Jun-2012,CAD,DIV,0.00,CAD,0.000,0.11
XTR,31-May-2012,31-May-2012,CAD,DIV,0.00,CAD,0.000,60.00
HPT,24-May-2012,24-May-2012,CAD,DIV,0.00,CAD,0.000,45.86
NYB,17-May-2012,17-May-2012,CAD,DIV,0.00,CAD,0.000,43.73
SHY,07-May-2012,07-May-2012,CAD,DIV,0.00,CAD,0.000,0.11
POT,03-May-2012,03-May-2012,CAD,DIV,0.00,CAD,0.000,13.93
T,01-May-2012,01-May-2012,CAD,DIV,0.00,CAD,0.000,25.85
XTR,30-Apr-2012,30-Apr-2012,CAD,DIV,0.00,CAD,0.000,60.00
CM,27-Apr-2012,27-Apr-2012,CAD,DIV,0.00,CAD,0.000,22.50
CSCO,25-Apr-2012,25-Apr-2012,CAD,DIV,0.00,CAD,0.000,15.68
SWY,12-Apr-2012,12-Apr-2012,CAD,DIV,0.00,CAD,0.000,7.20
SHY,09-Apr-2012,09-Apr-2012,CAD,DIV,0.00,CAD,0.000,0.12
$cash,02-Apr-2012,02-Apr-2012,CAD,FEE,0.00,CAD,0.000,-30.00
$cash,02-Apr-2012,02-Apr-2012,CAD,HST,0.00,CAD,0.000,-3.60
CBQ,02-Apr-2012,02-Apr-2012,CAD,NAMECHG,-250.00,CAD,0.000,0.00
CBQ,02-Apr-2012,02-Apr-2012,CAD,NAMECHG,250.00,CAD,0.000,0.00
KO,02-Apr-2012,02-Apr-2012,CAD,DIV,0.00,CAD,0.000,23.67
GAS,02-Apr-2012,02-Apr-2012,CAD,NAMECHG,-40.00,CAD,0.000,0.00
GAS,02-Apr-2012,02-Apr-2012,CAD,NAMECHG,40.00,CAD,0.000,0.00
HSE,02-Apr-2012,02-Apr-2012,CAD,DIV,0.00,CAD,0.000,10.50
XTR,30-Mar-2012,30-Mar-2012,CAD,DIV,0.00,CAD,0.000,60.00
GS,29-Mar-2012,29-Mar-2012,CAD,DIV,0.00,CAD,0.000,8.98
MKSI,16-Mar-2012,16-Mar-2012,CAD,DIV,0.00,CAD,0.000,22.13
TRK,15-Mar-2012,15-Mar-2012,CAD,DIV,0.00,CAD,0.000,38.30
LLY,09-Mar-2012,09-Mar-2012,CAD,DIV,0.00,CAD,0.000,24.16
SHY,07-Mar-2012,07-Mar-2012,CAD,DIV,0.00,CAD,0.000,0.14
XTR,29-Feb-2012,29-Feb-2012,CAD,DIV,0.00,CAD,0.000,60.00
HPT,23-Feb-2012,23-Feb-2012,CAD,DIV,0.00,CAD,0.000,44.48
NYB,17-Feb-2012,17-Feb-2012,CAD,DIV,0.00,CAD,0.000,43.25
POT,09-Feb-2012,09-Feb-2012,CAD,DIV,0.00,CAD,0.000,7.07
SHY,07-Feb-2012,07-Feb-2012,CAD,DIV,0.00,CAD,0.000,0.13
T,01-Feb-2012,01-Feb-2012,CAD,DIV,0.00,CAD,0.000,26.23
XTR,01-Feb-2012,01-Feb-2012,CAD,DIV,0.00,CAD,0.000,60.00
CM,27-Jan-2012,27-Jan-2012,CAD,DIV,0.00,CAD,0.000,22.50
CSCO,25-Jan-2012,25-Jan-2012,CAD,DIV,0.00,CAD,0.000,12.03
SWY,12-Jan-2012,12-Jan-2012,CAD,DIV,0.00,CAD,0.000,7.30
CBQ,06-Jan-2012,06-Jan-2012,CAD,DIV,0.00,CAD,0.000,150.33
XTR,04-Jan-2012,04-Jan-2012,CAD,DIV,0.00,CAD,0.000,60.00
SHY,04-Jan-2012,04-Jan-2012,CAD,DIV,0.00,CAD,0.000,0.15
$cash,03-Jan-2012,03-Jan-2012,CAD,FEE,0.00,CAD,0.000,-30.00
$cash,03-Jan-2012,03-Jan-2012,CAD,HST,0.00,CAD,0.000,-3.60
HSE,03-Jan-2012,03-Jan-2012,CAD,DIV,0.00,CAD,0.000,10.50
GS,29-Dec-2011,29-Dec-2011,CAD,DIV,0.00,CAD,0.000,9.21
MKSI,16-Dec-2011,16-Dec-2011,CAD,DIV,0.00,CAD,0.000,23.11
KO,15-Dec-2011,15-Dec-2011,CAD,DIV,0.00,CAD,0.000,22.73
LLY,09-Dec-2011,09-Dec-2011,CAD,DIV,0.00,CAD,0.000,24.78
TRK,09-Dec-2011,09-Dec-2011,CAD,DIV,0.00,CAD,0.000,26.30
SHY,07-Dec-2011,07-Dec-2011,CAD,DIV,0.00,CAD,0.000,0.18
XTR,30-Nov-2011,30-Nov-2011,CAD,DIV,0.00,CAD,0.000,60.00
HPT,23-Nov-2011,23-Nov-2011,CAD,DIV,0.00,CAD,0.000,46.33
NYB,17-Nov-2011,17-Nov-2011,CAD,DIV,0.00,CAD,0.000,44.28
SHY,07-Nov-2011,07-Nov-2011,CAD,DIV,0.00,CAD,0.000,0.19
POT,07-Nov-2011,07-Nov-2011,CAD,DIV,0.00,CAD,0.000,7.11
T,01-Nov-2011,01-Nov-2011,CAD,DIV,0.00,CAD,0.000,25.46
XTR,31-Oct-2011,31-Oct-2011,CAD,DIV,0.00,CAD,0.000,60.00
CM,28-Oct-2011,28-Oct-2011,CAD,DIV,0.00,CAD,0.000,22.50
CSCO,26-Oct-2011,26-Oct-2011,CAD,DIV,0.00,CAD,0.000,12.09
SWY,13-Oct-2011,13-Oct-2011,CAD,DIV,0.00,CAD,0.000,7.31
SHY,07-Oct-2011,07-Oct-2011,CAD,DIV,0.00,CAD,0.000,0.21
$cash,03-Oct-2011,03-Oct-2011,CAD,FEE,0.00,CAD,0.000,-30.00
$cash,03-Oct-2011,03-Oct-2011,CAD,HST,0.00,CAD,0.000,-3.60
KO,03-Oct-2011,03-Oct-2011,CAD,DIV,0.00,CAD,0.000,22.73
HSE,03-Oct-2011,03-Oct-2011,CAD,DIV,0.00,CAD,0.000,10.50
XTR,30-Sep-2011,30-Sep-2011,CAD,DIV,0.00,CAD,0.000,60.00
GS,29-Sep-2011,29-Sep-2011,CAD,DIV,0.00,CAD,0.000,9.24
MKSI,16-Sep-2011,16-Sep-2011,CAD,DIV,0.00,CAD,0.000,21.95
LLY,09-Sep-2011,09-Sep-2011,CAD,DIV,0.00,CAD,0.000,24.01
TRK,09-Sep-2011,09-Sep-2011,CAD,DIV,0.00,CAD,0.000,25.48
SHY,08-Sep-2011,08-Sep-2011,CAD,DIV,0.00,CAD,0.000,0.22
XTR,31-Aug-2011,31-Aug-2011,CAD,DIV,0.00,CAD,0.000,60.00
HPT,24-Aug-2011,24-Aug-2011,CAD,DIV,0.00,CAD,0.000,44.01
NYB,16-Aug-2011,16-Aug-2011,CAD,DIV,0.00,CAD,0.000,42.59
POT,12-Aug-2011,17-Aug-2011,CAD,BUY,70.00,CAD,54.650,-3835.49
OSG,08-Aug-2011,11-Aug-2011,CAD,SELL,-155.00,USD,19.848,3043.39
SHY,05-Aug-2011,05-Aug-2011,CAD,DIV,0.00,CAD,0.000,0.23
POT,05-Aug-2011,05-Aug-2011,CAD,DIV,0.00,CAD,0.000,2.00
T,02-Aug-2011,02-Aug-2011,CAD,DIV,0.00,CAD,0.000,24.46
XTR,29-Jul-2011,29-Jul-2011,CAD,DIV,0.00,CAD,0.000,60.00
CM,28-Jul-2011,28-Jul-2011,CAD,DIV,0.00,CAD,0.000,21.75
CSCO,27-Jul-2011,27-Jul-2011,CAD,DIV,0.00,CAD,0.000,11.19
SWY,14-Jul-2011,14-Jul-2011,CAD,DIV,0.00,CAD,0.000,6.90
SHY,08-Jul-2011,08-Jul-2011,CAD,DIV,0.00,CAD,0.000,0.24
CBQ,07-Jul-2011,07-Jul-2011,CAD,DIV,0.00,CAD,0.000,56.25
$cash,06-Jul-2011,06-Jul-2011,CAD,FEE,0.00,CAD,0.000,-30.00
$cash,06-Jul-2011,06-Jul-2011,CAD,HST,0.00,CAD,0.000,-3.60
HSE,05-Jul-2011,05-Jul-2011,CAD,DIV,0.00,CAD,0.000,10.50
KO,04-Jul-2011,04-Jul-2011,CAD,DIV,0.00,CAD,0.000,21.15
XTR,30-Jun-2011,30-Jun-2011,CAD,DIV,0.00,CAD,0.000,60.00
GS,29-Jun-2011,29-Jun-2011,CAD,DIV,0.00,CAD,0.000,8.91
MKSI,17-Jun-2011,17-Jun-2011,CAD,DIV,0.00,CAD,0.000,22.01
LLY,10-Jun-2011,10-Jun-2011,CAD,DIV,0.00,CAD,0.000,23.67
TRK,10-Jun-2011,10-Jun-2011,CAD,DIV,0.00,CAD,0.000,25.12
SHY,07-Jun-2011,07-Jun-2011,CAD,DIV,0.00,CAD,0.000,0.25
XTR,31-May-2011,31-May-2011,CAD,DIV,0.00,CAD,0.000,60.00
OSG,26-May-2011,26-May-2011,CAD,DIV,0.00,CAD,0.000,65.78
HPT,24-May-2011,24-May-2011,CAD,DIV,0.00,CAD,0.000,43.47
NYB,17-May-2011,17-May-2011,CAD,DIV,0.00,CAD,0.000,42.26
GAS,12-May-2011,12-May-2011,CAD,REVERSE,40.00,CAD,0.000,0.00
GAS,12-May-2011,12-May-2011,CAD,REVERSE,-400.00,CAD,0.000,0.00
SHY,06-May-2011,06-May-2011,CAD,DIV,0.00,CAD,0.000,0.25
POT,05-May-2011,05-May-2011,CAD,DIV,0.00,CAD,0.000,2.02
T,02-May-2011,02-May-2011,CAD,DIV,0.00,CAD,0.000,24.25
XTR,29-Apr-2011,29-Apr-2011,CAD,DIV,0.00,CAD,0.000,60.00
CM,28-Apr-2011,28-Apr-2011,CAD,DIV,0.00,CAD,0.000,21.75
TSO,21-Apr-2011,27-Apr-2011,CAD,SELL,-100.00,USD,27.740,2632.66
CSCO,20-Apr-2011,20-Apr-2011,CAD,DIV,0.00,CAD,0.000,11.39
SWY,14-Apr-2011,14-Apr-2011,CAD,DIV,0.00,CAD,0.000,5.71
SHY,07-Apr-2011,07-Apr-2011,CAD,DIV,0.00,CAD,0.000,0.26
$cash,01-Apr-2011,01-Apr-2011,CAD,FEE,0.00,CAD,0.000,-30.00
$cash,01-Apr-2011,01-Apr-2011,CAD,HST,0.00,CAD,0.000,-3.60
KO,01-Apr-2011,01-Apr-2011,CAD,DIV,0.00,CAD,0.000,21.21
HSE,01-Apr-2011,01-Apr-2011,CAD,DIV,0.00,CAD,0.000,10.50
XTR,31-Mar-2011,31-Mar-2011,CAD,DIV,0.00,CAD,0.000,60.00
GS,30-Mar-2011,30-Mar-2011,CAD,DIV,0.00,CAD,0.000,8.81
MKSI,18-Mar-2011,18-Mar-2011,CAD,DIV,0.00,CAD,0.000,22.03
OSG,17-Mar-2011,22-Mar-2011,CAD,BUY,30.00,USD,30.160,-903.81
UUU,16-Mar-2011,21-Mar-2011,CAD,BUY,400.00,CAD,3.820,-1528.00
UUU,16-Mar-2011,21-Mar-2011,CAD,BUY,600.00,CAD,4.000,-2419.98
BB.TO,16-Mar-2011,21-Mar-2011,CAD,SELL,-75.00,CAD,60.000,4490.01
TRK,15-Mar-2011,15-Mar-2011,CAD,DIV,0.00,CAD,0.000,12.52
LLY,10-Mar-2011,10-Mar-2011,CAD,DIV,0.00,CAD,0.000,23.48
OSG,09-Mar-2011,09-Mar-2011,CAD,DIV,0.00,CAD,0.000,52.72
SHY,07-Mar-2011,07-Mar-2011,CAD,DIV,0.00,CAD,0.000,0.23
XTR,28-Feb-2011,28-Feb-2011,CAD,DIV,0.00,CAD,0.000,60.00
CSCO,25-Feb-2011,02-Mar-2011,CAD,BUY,85.00,USD,18.680,-1565.83
GS,25-Feb-2011,02-Mar-2011,CAD,BUY,6.00,USD,164.970,-979.81
TRK,25-Feb-2011,02-Mar-2011,CAD,BUY,130.00,USD,14.430,-1848.17
HSE,25-Feb-2011,02-Mar-2011,CAD,SELL,-65.00,CAD,29.530,1909.46
POT,24-Feb-2011,24-Feb-2011,CAD,EXCHADJ,20.00,CAD,0.000,0.00
HPT,23-Feb-2011,23-Feb-2011,CAD,DIV,0.00,CAD,0.000,44.15
NYB,16-Feb-2011,16-Feb-2011,CAD,DIV,0.00,CAD,0.000,42.90
POT,10-Feb-2011,10-Feb-2011,CAD,DIV,0.00,CAD,0.000,1.00
SHY,07-Feb-2011,07-Feb-2011,CAD,DIV,0.00,CAD,0.000,0.26
T,01-Feb-2011,01-Feb-2011,CAD,DIV,0.00,CAD,0.000,25.61
XTR,31-Jan-2011,31-Jan-2011,CAD,DIV,0.00,CAD,0.000,60.00
CM,28-Jan-2011,28-Jan-2011,CAD,DIV,0.00,CAD,0.000,21.75
SWY,13-Jan-2011,13-Jan-2011,CAD,DIV,0.00,CAD,0.000,5.87
CBQ,07-Jan-2011,07-Jan-2011,CAD,DIV,0.00,CAD,0.000,110.50
HSE,04-Jan-2011,04-Jan-2011,CAD,DIV,0.00,CAD,0.000,30.00
SHY,04-Jan-2011,04-Jan-2011,CAD,DIV,0.00,CAD,0.000,0.27
XTR,31-Dec-2010,31-Dec-2010,CAD,DIV,0.00,CAD,0.000,60.00
GS,30-Dec-2010,30-Dec-2010,CAD,DIV,0.00,CAD,0.000,6.96
KO,15-Dec-2010,15-Dec-2010,CAD,DIV,0.00,CAD,0.000,20.62
LLY,10-Dec-2010,10-Dec-2010,CAD,DIV,0.00,CAD,0.000,24.57
TRK,10-Dec-2010,10-Dec-2010,CAD,DIV,0.00,CAD,0.000,13.04
SHY,07-Dec-2010,07-Dec-2010,CAD,DIV,0.00,CAD,0.000,0.26
XTR,30-Nov-2010,30-Nov-2010,CAD,DIV,0.00,CAD,0.000,60.00
OSG,23-Nov-2010,23-Nov-2010,CAD,DIV,0.00,CAD,0.000,33.04
HPT,23-Nov-2010,23-Nov-2010,CAD,DIV,0.00,CAD,0.000,45.32
$cash,22-Nov-2010,22-Nov-2010,CAD,WASH,0.00,CAD,0.000,88.34
NYB,17-Nov-2010,17-Nov-2010,CAD,DIV,0.00,CAD,0.000,44.23
SWY,17-Nov-2010,22-Nov-2010,CAD,SELL,-50.00,USD,22.810,1133.32
EZPW,17-Nov-2010,22-Nov-2010,CAD,SELL,-50.00,USD,24.430,1214.51
CSCO,17-Nov-2010,22-Nov-2010,CAD,BUY,115.00,USD,19.610,-2359.14
POT,08-Nov-2010,08-Nov-2010,CAD,DIV,0.00,CAD,0.000,1.01
SHY,05-Nov-2010,05-Nov-2010,CAD,DIV,0.00,CAD,0.000,0.27
T,05-Nov-2010,10-Nov-2010,CAD,SELL,-65.00,USD,29.170,1859.62
OSG,05-Nov-2010,10-Nov-2010,CAD,BUY,50.00,USD,37.330,-1923.40
T,01-Nov-2010,01-Nov-2010,CAD,DIV,0.00,CAD,0.000,53.13
XTR,29-Oct-2010,29-Oct-2010,CAD,DIV,0.00,CAD,0.000,60.00
CM,28-Oct-2010,28-Oct-2010,CAD,DIV,0.00,CAD,0.000,21.75
SWY,14-Oct-2010,14-Oct-2010,CAD,DIV,0.00,CAD,0.000,11.95
SHY,07-Oct-2010,07-Oct-2010,CAD,DIV,0.00,CAD,0.000,0.26
CBQ,06-Oct-2010,06-Oct-2010,CAD,DIV,0.00,CAD,0.000,12.50
KO,01-Oct-2010,01-Oct-2010,CAD,DIV,0.00,CAD,0.000,43.34
HSE,01-Oct-2010,01-Oct-2010,CAD,DIV,0.00,CAD,0.000,30.00
XTR,30-Sep-2010,30-Sep-2010,CAD,DIV,0.00,CAD,0.000,60.00
GS,29-Sep-2010,29-Sep-2010,CAD,DIV,0.00,CAD,0.000,7.17
KO,28-Sep-2010,01-Oct-2010,CAD,SELL,-50.00,USD,58.600,2960.84
TRK,17-Sep-2010,17-Sep-2010,CAD,DIV,0.00,CAD,0.000,13.22
LLY,10-Sep-2010,10-Sep-2010,CAD,DIV,0.00,CAD,0.000,25.09
SHY,08-Sep-2010,08-Sep-2010,CAD,DIV,0.00,CAD,0.000,0.29
XTR,31-Aug-2010,31-Aug-2010,CAD,DIV,0.00,CAD,0.000,59.78
OSG,25-Aug-2010,25-Aug-2010,CAD,DIV,0.00,CAD,0.000,34.53
HPT,24-Aug-2010,24-Aug-2010,CAD,DIV,0.00,CAD,0.000,46.87
POT,24-Aug-2010,27-Aug-2010,CAD,SELL,-10.00,CAD,158.710,1577.11
BB.TO,23-Aug-2010,26-Aug-2010,CAD,BUY,30.00,CAD,50.320,-1519.59
NYB,17-Aug-2010,17-Aug-2010,CAD,DIV,0.00,CAD,0.000,45.24
$cash,12-Aug-2010,12-Aug-2010,CAD,WASH,0.00,CAD,0.000,70.94
THI,12-Aug-2010,17-Aug-2010,CAD,SELL,-80.00,CAD,37.040,2953.21
SHY,06-Aug-2010,06-Aug-2010,CAD,DIV,0.00,CAD,0.000,0.28
POT,06-Aug-2010,06-Aug-2010,CAD,DIV,0.00,CAD,0.000,2.11
T,03-Aug-2010,03-Aug-2010,CAD,DIV,0.00,CAD,0.000,53.68
LLY,03-Aug-2010,06-Aug-2010,CAD,SELL,-50.00,USD,36.580,1828.06
BB.TO,03-Aug-2010,06-Aug-2010,CAD,BUY,35.00,USD,55.490,-2038.03
XTR,30-Jul-2010,30-Jul-2010,CAD,DIV,0.00,CAD,0.000,66.25
CM,28-Jul-2010,28-Jul-2010,CAD,DIV,0.00,CAD,0.000,21.75
SWY,15-Jul-2010,15-Jul-2010,CAD,DIV,0.00,CAD,0.000,12.31
$cash,14-Jul-2010,14-Jul-2010,CAD,WASH,0.00,CAD,0.000,77.04
KO,12-Jul-2010,15-Jul-2010,CAD,BUY,40.00,USD,52.250,-2209.19
BRK.B,12-Jul-2010,15-Jul-2010,CAD,SELL,-25.00,USD,79.420,2001.15
SHY,08-Jul-2010,08-Jul-2010,CAD,DIV,0.00,CAD,0.000,0.30
CBQ,07-Jul-2010,07-Jul-2010,CAD,DIV,0.00,CAD,0.000,8.75
KO,02-Jul-2010,02-Jul-2010,CAD,DIV,0.00,CAD,0.000,26.31
HSE,02-Jul-2010,02-Jul-2010,CAD,DIV,0.00,CAD,0.000,30.00
XTR,30-Jun-2010,30-Jun-2010,CAD,DIV,0.00,CAD,0.000,225.29
MKSI,30-Jun-2010,06-Jul-2010,CAD,BUY,150.00,USD,19.000,-3081.64
GS,29-Jun-2010,29-Jun-2010,CAD,DIV,0.00,CAD,0.000,7.18
THI,15-Jun-2010,15-Jun-2010,CAD,DIV,0.00,CAD,0.000,10.40
TRK,11-Jun-2010,11-Jun-2010,CAD,DIV,0.00,CAD,0.000,13.30
LLY,10-Jun-2010,10-Jun-2010,CAD,DIV,0.00,CAD,0.000,50.74
SHY,07-Jun-2010,07-Jun-2010,CAD,DIV,0.00,CAD,0.000,0.29
$cash,28-May-2010,28-May-2010,CAD,WASH,0.00,CAD,0.000,43.86
OSG,26-May-2010,26-May-2010,CAD,DIV,0.00,CAD,0.000,35.09
KO,26-May-2010,01-Jun-2010,CAD,BUY,22.00,USD,50.670,-1218.64
TSO,26-May-2010,01-Jun-2010,CAD,SELL,-100.00,USD,11.540,1194.91
HPT,25-May-2010,25-May-2010,CAD,DIV,0.00,CAD,0.000,47.43
NYB,18-May-2010,18-May-2010,CAD,DIV,0.00,CAD,0.000,45.13
GAS,18-May-2010,21-May-2010,CAD,SELL,-200.00,CAD,3.750,740.01
GS,13-May-2010,18-May-2010,CAD,BUY,20.00,USD,146.000,-3031.07
SHY,07-May-2010,07-May-2010,CAD,DIV,0.00,CAD,0.000,0.32
POT,06-May-2010,06-May-2010,CAD,DIV,0.00,CAD,0.000,2.00
T,03-May-2010,03-May-2010,CAD,DIV,0.00,CAD,0.000,52.66
CM,28-Apr-2010,28-Apr-2010,CAD,DIV,0.00,CAD,0.000,43.50
EZPW,23-Apr-2010,28-Apr-2010,CAD,SELL,-40.00,USD,23.500,913.72
TRV,23-Apr-2010,28-Apr-2010,CAD,SELL,-4.00,USD,52.920,198.15
OSG,23-Apr-2010,28-Apr-2010,CAD,SELL,-25.00,USD,50.020,1218.77
XTR,21-Apr-2010,21-Apr-2010,CAD,NAMECHG,1000.00,CAD,0.000,0.00
XTR,21-Apr-2010,21-Apr-2010,CAD,NAMECHG,-1000.00,CAD,0.000,0.00
CM,19-Apr-2010,22-Apr-2010,CAD,SELL,-25.00,CAD,76.000,1890.01
SWY,15-Apr-2010,15-Apr-2010,CAD,DIV,0.00,CAD,0.000,9.88
SHY,08-Apr-2010,08-Apr-2010,CAD,DIV,0.00,CAD,0.000,0.32
KO,01-Apr-2010,01-Apr-2010,CAD,DIV,0.00,CAD,0.000,15.49
HSE,01-Apr-2010,01-Apr-2010,CAD,DIV,0.00,CAD,0.000,30.00
TRV,31-Mar-2010,31-Mar-2010,CAD,DIV,0.00,CAD,0.000,1.33
XTR,31-Mar-2010,31-Mar-2010,CAD,DIV,0.00,CAD,0.000,128.80
THI,23-Mar-2010,23-Mar-2010,CAD,DIV,0.00,CAD,0.000,10.40
TRK,15-Mar-2010,15-Mar-2010,CAD,DIV,0.00,CAD,0.000,13.10
LLY,10-Mar-2010,10-Mar-2010,CAD,DIV,0.00,CAD,0.000,50.05
OSG,09-Mar-2010,09-Mar-2010,CAD,DIV,0.00,CAD,0.000,44.54
CGL,09-Mar-2010,12-Mar-2010,CAD,SELL,-250.00,CAD,10.070,2507.51
SHY,05-Mar-2010,05-Mar-2010,CAD,DIV,0.00,CAD,0.000,0.31
CGL,18-Feb-2010,18-Feb-2010,CAD,MERGER,250.00,CAD,0.000,0.00
CGL,18-Feb-2010,18-Feb-2010,CAD,MERGER,-250.00,CAD,0.000,0.00
NYB,17-Feb-2010,17-Feb-2010,CAD,DIV,0.00,CAD,0.000,45.37
POT,11-Feb-2010,11-Feb-2010,CAD,DIV,0.00,CAD,0.000,2.10
SHY,05-Feb-2010,05-Feb-2010,CAD,DIV,0.00,CAD,0.000,3.03
HPT,02-Feb-2010,05-Feb-2010,CAD,BUY,100.00,USD,22.780,-2466.44
SHY,02-Feb-2010,05-Feb-2010,CAD,SELL,-30.00,USD,83.480,2591.65
T,01-Feb-2010,01-Feb-2010,CAD,DIV,0.00,CAD,0.000,55.52
CM,28-Jan-2010,28-Jan-2010,CAD,DIV,0.00,CAD,0.000,43.50
CBQ,27-Jan-2010,01-Feb-2010,CAD,BUY,50.00,CAD,27.000,-1359.99
CBQ,26-Jan-2010,29-Jan-2010,CAD,BUY,50.00,CAD,27.480,-1383.99
BRK.B,21-Jan-2010,21-Jan-2010,CAD,MERGER,-1.00,CAD,0.000,0.00
BRK.B,21-Jan-2010,21-Jan-2010,CAD,MERGER,50.00,CAD,0.000,0.00
SWY,14-Jan-2010,14-Jan-2010,CAD,DIV,0.00,CAD,0.000,10.26
SHY,11-Jan-2010,11-Jan-2010,CAD,DIV,0.00,CAD,0.000,2.97
CBQ,07-Jan-2010,07-Jan-2010,CAD,DIV,0.00,CAD,0.000,37.35
HSE,04-Jan-2010,04-Jan-2010,CAD,DIV,0.00,CAD,0.000,30.00
TRV,31-Dec-2009,31-Dec-2009,CAD,DIV,0.00,CAD,0.000,1.38
XTR,31-Dec-2009,31-Dec-2009,CAD,DIV,0.00,CAD,0.000,261.73
KO,15-Dec-2009,15-Dec-2009,CAD,DIV,0.00,CAD,0.000,15.15
THI,15-Dec-2009,15-Dec-2009,CAD,DIV,0.00,CAD,0.000,8.00
TSO,15-Dec-2009,15-Dec-2009,CAD,DIV,0.00,CAD,0.000,10.56
TRK,11-Dec-2009,11-Dec-2009,CAD,DIV,0.00,CAD,0.000,12.31
LLY,10-Dec-2009,10-Dec-2009,CAD,DIV,0.00,CAD,0.000,51.21
SHY,07-Dec-2009,07-Dec-2009,CAD,DIV,0.00,CAD,0.000,3.02
SHY,07-Dec-2009,07-Dec-2009,CAD,DIV,0.00,CAD,0.000,3.50
SHY,07-Dec-2009,07-Dec-2009,CAD,DIV,0.00,CAD,0.000,14.11
OSG,24-Nov-2009,24-Nov-2009,CAD,DIV,-100.00,CAD,0.000,46.24
SHY,23-Nov-2009,26-Nov-2009,CAD,BUY,34.00,CAD,84.150,-3086.42
KFT,20-Nov-2009,23-Nov-2009,CAD,SELL,-105.00,CAD,27.800,3054.38
NYB,17-Nov-2009,17-Nov-2009,CAD,DIV,-175.00,CAD,0.000,45.72
POT,09-Nov-2009,09-Nov-2009,CAD,DIV,-20.00,CAD,0.000,2.06
T,02-Nov-2009,02-Nov-2009,CAD,DIV,-125.00,CAD,0.000,54.84
CM,28-Oct-2009,28-Oct-2009,CAD,DIV,-50.00,CAD,0.000,43.50
TRK,28-Oct-2009,31-Oct-2009,CAD,BUY,130.00,CAD,14.000,-2012.62
SWY,15-Oct-2009,15-Oct-2009,CAD,DIV,-100.00,CAD,0.000,10.30
KFT,14-Oct-2009,14-Oct-2009,CAD,DIV,-105.00,CAD,0.000,31.03
CBQ,06-Oct-2009,06-Oct-2009,CAD,DIV,-150.00,CAD,0.000,12.75
KO,01-Oct-2009,01-Oct-2009,CAD,DIV,-35.00,CAD,0.000,15.46
HSE,01-Oct-2009,01-Oct-2009,CAD,DIV,-100.00,CAD,0.000,30.00
TRV,30-Sep-2009,30-Sep-2009,CAD,DIV,-4.00,CAD,0.000,1.28
XTR,30-Sep-2009,30-Sep-2009,CAD,DIV,-1000.00,CAD,0.000,187.89
XTR,21-Sep-2009,24-Sep-2009,CAD,BUY,1000.00,CAD,10.320,-10329.99
SWY,16-Sep-2009,19-Sep-2009,CAD,BUY,100.00,CAD,19.260,-2103.03
CBO,16-Sep-2009,19-Sep-2009,CAD,SELL,-850.00,CAD,20.900,17755.01
TSO,15-Sep-2009,15-Sep-2009,CAD,DIV,-200.00,CAD,0.000,21.35
CM,15-Sep-2009,18-Sep-2009,CAD,SELL,-50.00,CAD,65.000,3240.01
LLY,10-Sep-2009,10-Sep-2009,CAD,DIV,-100.00,CAD,0.000,52.63
$cash,04-Sep-2009,04-Sep-2009,CAD,WASH,0.00,CAD,0.000,71.56
NYB,03-Sep-2009,06-Sep-2009,CAD,BUY,175.00,CAD,10.300,-2033.80
BB.TO,03-Sep-2009,06-Sep-2009,CAD,SELL,-40.00,CAD,82.420,3286.81
EZPW,03-Sep-2009,06-Sep-2009,CAD,SELL,-150.00,CAD,12.320,1990.75
THI,02-Sep-2009,02-Sep-2009,CAD,DIV,-80.00,CAD,0.000,8.12
KO,02-Sep-2009,05-Sep-2009,CAD,SELL,-40.00,CAD,50.080,2164.16
LPNT,02-Sep-2009,05-Sep-2009,CAD,BUY,75.00,CAD,24.330,-2063.72
BB.TO,01-Sep-2009,04-Sep-2009,CAD,BUY,25.00,CAD,81.920,-2057.99
ID281,01-Sep-2009,04-Sep-2009,CAD,SELL,-158.00,CAD,23.525,3724.29
OSG,27-Aug-2009,27-Aug-2009,CAD,DIV,-100.00,CAD,0.000,47.36
POT,07-Aug-2009,07-Aug-2009,CAD,DIV,-20.00,CAD,0.000,2.23
T,04-Aug-2009,04-Aug-2009,CAD,DIV,-125.00,CAD,0.000,54.63
CM,28-Jul-2009,28-Jul-2009,CAD,DIV,-100.00,CAD,0.000,87.00
$cash,15-Jul-2009,15-Jul-2009,CAD,WASH,0.00,CAD,0.000,309.07
KFT,14-Jul-2009,14-Jul-2009,CAD,DIV,-105.00,CAD,0.000,34.41
OSG,13-Jul-2009,16-Jul-2009,CAD,BUY,100.00,CAD,29.247,-3435.88
EZPW,13-Jul-2009,16-Jul-2009,CAD,BUY,290.00,CAD,10.070,-3403.20
BRK.B,13-Jul-2009,16-Jul-2009,CAD,BUY,1.00,CAD,2774.000,-3259.50
SHY,13-Jul-2009,16-Jul-2009,CAD,SELL,-78.00,CAD,110.200,9742.69
SHY,08-Jul-2009,08-Jul-2009,CAD,DIV,-78.00,CAD,0.000,2.47
CBO,07-Jul-2009,07-Jul-2009,CAD,DIV,-850.00,CAD,0.000,204.00
CBO,07-Jul-2009,07-Jul-2009,CAD,DIV,-30.00,CAD,0.000,6.36
KO,02-Jul-2009,02-Jul-2009,CAD,DIV,-75.00,CAD,0.000,35.47
RCI.B,02-Jul-2009,02-Jul-2009,CAD,DIV,-140.00,CAD,0.000,40.60
TRV,30-Jun-2009,30-Jun-2009,CAD,DIV,-4.00,CAD,0.000,1.38
POT,25-Jun-2009,28-Jun-2009,CAD,BUY,20.00,CAD,107.000,-2149.99
CMR,25-Jun-2009,28-Jun-2009,CAD,SELL,-25.00,CAD,50.000,1240.01
CMR,25-Jun-2009,28-Jun-2009,CAD,SELL,-25.00,CAD,50.000,1240.01
CBO,25-Jun-2009,28-Jun-2009,CAD,SELL,-30.00,CAD,20.510,605.31
CMR,25-Jun-2009,28-Jun-2009,CAD,*SELL,25.00,CAD,50.000,-1240.01
BB.TO,23-Jun-2009,26-Jun-2009,CAD,BUY,50.00,CAD,78.900,-3954.99
THI,19-Jun-2009,19-Jun-2009,CAD,DIV,-80.00,CAD,0.000,8.17
ID281,18-Jun-2009,21-Jun-2009,CAD,SELL,-249.00,CAD,22.462,5600.00
RY,15-Jun-2009,18-Jun-2009,CAD,SELL,-50.00,CAD,45.400,2260.01
CM,15-Jun-2009,18-Jun-2009,CAD,BUY,50.00,CAD,53.750,-2697.49
GAS,15-Jun-2009,18-Jun-2009,CAD,BUY,600.00,CAD,7.172,-4312.99
CBO,15-Jun-2009,18-Jun-2009,CAD,SELL,-200.00,CAD,20.690,4128.01
LLY,09-Jun-2009,12-Jun-2009,CAD,BUY,100.00,CAD,33.760,-3806.87
TSO,09-Jun-2009,12-Jun-2009,CAD,BUY,200.00,CAD,15.668,-3534.43
CBQ,08-Jun-2009,11-Jun-2009,CAD,BUY,50.00,CAD,24.200,-1219.99
SHY,05-Jun-2009,05-Jun-2009,CAD,DIV,-46.00,CAD,0.000,1.84
CBQ,05-Jun-2009,08-Jun-2009,CAD,BUY,100.00,CAD,24.250,-2434.99
AAPL,03-Jun-2009,06-Jun-2009,CAD,SELL,-25.00,CAD,139.740,3800.06
HSE,03-Jun-2009,06-Jun-2009,CAD,BUY,100.00,CAD,33.000,-3309.99
CBO,03-Jun-2009,06-Jun-2009,CAD,BUY,850.00,CAD,20.580,-17502.99
SHY,03-Jun-2009,06-Jun-2009,CAD,BUY,32.00,CAD,110.220,-3996.49
CMR,03-Jun-2009,06-Jun-2009,CAD,BUY,25.00,CAD,50.020,-1260.49
CMR,03-Jun-2009,06-Jun-2009,CAD,BUY,25.00,CAD,50.020,-1260.49
CBO,03-Jun-2009,06-Jun-2009,CAD,BUY,230.00,CAD,20.681,-4766.69
CMR,03-Jun-2009,06-Jun-2009,CAD,*SELL,25.00,CAD,50.020,-1260.49
CGL,02-Jun-2009,05-Jun-2009,CAD,BUY,250.00,CAD,9.450,-2372.49
DB166,02-Jun-2009,05-Jun-2009,CAD,SELL,-500.00,CAD,10.000,5515.20
BB.TO,01-Jun-2009,04-Jun-2009,CAD,SELL,-50.00,CAD,88.020,4391.01
MIR,29-May-2009,01-Jun-2009,CAD,SELL,-150.00,CAD,15.350,2451.78
SHY,29-May-2009,01-Jun-2009,CAD,BUY,20.00,CAD,110.240,-2455.09
RCI.B,29-May-2009,01-Jun-2009,CAD,SELL,-140.00,CAD,32.500,4540.01
T,26-May-2009,29-May-2009,CAD,BUY,125.00,CAD,23.610,-3366.04
PR001,25-May-2009,28-May-2009,CAD,SELL,-173.00,CAD,27.897,4830.89
RY,22-May-2009,22-May-2009,CAD,DIV,-50.00,CAD,0.000,25.00
MIR,15-May-2009,18-May-2009,CAD,BUY,150.00,CAD,14.000,-2532.20
THI,12-May-2009,15-May-2009,CAD,BUY,80.00,CAD,28.400,-2281.99
SHY,07-May-2009,07-May-2009,CAD,DIV,-26.00,CAD,0.000,1.47
RCI.B,30-Apr-2009,03-May-2009,CAD,BUY,140.00,CAD,29.500,-4139.99
CM,28-Apr-2009,28-Apr-2009,CAD,DIV,-50.00,CAD,0.000,43.50
KO,22-Apr-2009,25-Apr-2009,CAD,BUY,75.00,CAD,43.000,-4073.82
KFT,09-Apr-2009,12-Apr-2009,CAD,BUY,105.00,CAD,22.460,-2944.25
REI.UN,07-Apr-2009,07-Apr-2009,CAD,DIV,-275.00,CAD,0.000,31.63
$cash,06-Apr-2009,06-Apr-2009,CAD,WASH,0.00,CAD,0.000,112.12
RY,06-Apr-2009,09-Apr-2009,CAD,SELL,-50.00,CAD,38.230,1901.51
BB.TO,06-Apr-2009,09-Apr-2009,CAD,SELL,-50.00,CAD,75.000,3730.02
ID253,06-Apr-2009,09-Apr-2009,CAD,SELL,-167.00,CAD,10.089,1690.00
REI.UN,06-Apr-2009,09-Apr-2009,CAD,SELL,-275.00,CAD,13.180,3614.51
IG6103,06-Apr-2009,09-Apr-2009,CAD,SELL,-650.00,CAD,10.240,6663.48
AAPL,03-Apr-2009,06-Apr-2009,CAD,SELL,-25.00,CAD,115.910,3495.32
SHY,03-Apr-2009,06-Apr-2009,CAD,BUY,26.00,CAD,110.190,-3591.94
GF801,03-Apr-2009,06-Apr-2009,CAD,SELL,-290.00,CAD,15.630,4536.42
TRV,31-Mar-2009,31-Mar-2009,CAD,DIV,-4.00,CAD,0.000,1.50
AAPL,31-Mar-2009,03-Apr-2009,CAD,SELL,-30.00,CAD,107.000,3960.37
DB166,26-Mar-2009,29-Mar-2009,CAD,BUY,500.00,CAD,10.000,-6227.00
AAPL,25-Mar-2009,28-Mar-2009,CAD,SELL,-20.00,CAD,103.960,2499.03
$cash,11-Mar-2009,11-Mar-2009,CAD,INI,0.00,CAD,0.000,19238.22
ID253,11-Mar-2009,11-Mar-2009,CAD,INI,167.51,CAD,0.000,0.00
PR001,11-Mar-2009,11-Mar-2009,CAD,INI,173.17,CAD,0.000,0.00
GF801,11-Mar-2009,11-Mar-2009,CAD,INI,290.24,CAD,0.000,0.00
ID281,11-Mar-2009,11-Mar-2009,CAD,INI,407.62,CAD,0.000,0.00
IG6103,11-Mar-2009,11-Mar-2009,CAD,INI,650.73,CAD,0.000,0.00
AAPL,10-Mar-2009,10-Mar-2009,CAD,INI,100.00,CAD,0.000,0.00
RY,10-Mar-2009,10-Mar-2009,CAD,INI,100.00,CAD,0.000,0.00
TRV,10-Mar-2009,10-Mar-2009,CAD,INI,4.00,CAD,0.000,0.00
BB.TO,10-Mar-2009,10-Mar-2009,CAD,INI,100.00,CAD,0.000,0.00
CM,10-Mar-2009,10-Mar-2009,CAD,INI,50.00,CAD,0.000,0.00
REI.UN,10-Mar-2009,10-Mar-2009,CAD,INI,275.00,CAD,0.000,0.00
